Workbook

Sheet Tổng quan
B2: ĐÁNH GIÁ TRANG SẢN PHẨM: BIGBIKE.VN vs 4 ĐỐI THỦ
B3: Khảo sát HTML trực tiếp 5 URL sản phẩm mẫu · Ngày 11/06/2026 · Template chấm: 21 tiêu chí (SEO on-page, Nội dung & E-E-A-T, Thông tin mua hàng, Schema)
B5: URL MẪU ĐÃ KHẢO SÁT
B6: bigbike.vn | C6: Caberg Avalon X (fullface) | G6: https://bigbike.vn/sp/mu-bao-hiem-caberg-avalon-x-italy.html
B7: dobaohomoto.vn | C7: Caberg Avalon X (fullface) | G7: https://dobaohomoto.vn/san-pham/chi-tiet/mu-bao-hiem-fullface-caberg-avalon-x---tem-11109
B8: bikersaigon.net | C8: EGO E42 kính Revo (3/4) | G8: https://bikersaigon.net/san-pham/non-bao-hiem-ego-e42-trang-kinh-revo-cam/
B9: chobaoho.vn | C9: EGO E-72 (fullface) | G9: https://chobaoho.vn/non-bao-hiem-fullface-ego-e-72
B10: nontaidat.vn | C10: LS2 FF800 Storm Slant (fullface) | G10: https://nontaidat.vn/products/fullface-ls2-storm-ff800-slant
B13: ĐIỂM TỔNG KẾT / 21 TIÊU CHÍ (tự động tính từ sheet 'So sánh 5 web')
B14: Website | C14: Đạt | D14: Một phần | E14: Chưa đạt | F14: Cần kiểm tra
B15: bigbike.vn | C15: =COUNTIF('So sánh 5 web'!C5:C29,"Đạt") -> 6 | D15: =COUNTIF('So sánh 5 web'!C5:C29,"Một phần") -> 5 | E15: =COUNTIF('So sánh 5 web'!C5:C29,"Chưa") -> 8 | F15: =COUNTIF('So sánh 5 web'!C5:C29,"Cần kiểm tra") -> 2
B16: dobaohomoto.vn | C16: =COUNTIF('So sánh 5 web'!D5:D29,"Đạt") -> 4 | D16: =COUNTIF('So sánh 5 web'!D5:D29,"Một phần") -> 7 | E16: =COUNTIF('So sánh 5 web'!D5:D29,"Chưa") -> 9 | F16: =COUNTIF('So sánh 5 web'!D5:D29,"Cần kiểm tra") -> 1
B17: bikersaigon.net | C17: =COUNTIF('So sánh 5 web'!E5:E29,"Đạt") -> 6 | D17: =COUNTIF('So sánh 5 web'!E5:E29,"Một phần") -> 7 | E17: =COUNTIF('So sánh 5 web'!E5:E29,"Chưa") -> 6 | F17: =COUNTIF('So sánh 5 web'!E5:E29,"Cần kiểm tra") -> 2
B18: chobaoho.vn | C18: =COUNTIF('So sánh 5 web'!F5:F29,"Đạt") -> 3 | D18: =COUNTIF('So sánh 5 web'!F5:F29,"Một phần") -> 7 | E18: =COUNTIF('So sánh 5 web'!F5:F29,"Chưa") -> 10 | F18: =COUNTIF('So sánh 5 web'!F5:F29,"Cần kiểm tra") -> 1
B19: nontaidat.vn | C19: =COUNTIF('So sánh 5 web'!G5:G29,"Đạt") -> 7 | D19: =COUNTIF('So sánh 5 web'!G5:G29,"Một phần") -> 5 | E19: =COUNTIF('So sánh 5 web'!G5:G29,"Chưa") -> 8 | F19: =COUNTIF('So sánh 5 web'!G5:G29,"Cần kiểm tra") -> 1
B21: TIẾN ĐỘ CHECKLIST (tự động tính từ sheet 'Checklist')
B22: Tổng hạng mục | C22: =COUNTA(Checklist!C4:C38) -> 28
B23: Hoàn thành | C23: =COUNTIF(Checklist!F4:F38,"Hoàn thành") -> 0
B24: Đang làm | C24: =COUNTIF(Checklist!F4:F38,"Đang làm") -> 0
B25: Chưa làm | C25: =COUNTIF(Checklist!F4:F38,"Chưa làm") -> 28
B26: % hoàn thành | C26: =IF(C22=0,0,C23/C22) -> 0
B28: 5 THÔNG ĐIỆP CHÍNH CHO KHÁCH HÀNG
B29: 1. BigBike vẫn giữ lợi thế E-E-A-T độc nhất thị trường: là site DUY NHẤT trong 5 web có đánh giá trung thực (nêu nhược điểm thật) và con số tự cân đo (1.536g, nhẹ hơn LS2 Storm II 29g). Cả 4 đối thủ đều chỉ chép số nhà sản xuất và chỉ khen.
B30: 2. Nhưng về CẤU TRÚC TRANG, BigBike đang thua cả 4 đối thủ ở các điểm cơ bản: tab Thông số kỹ thuật rỗng (bikersaigon có spec đầy đủ nhất kèm bảo hành 24 tháng + phân biệt xuất xứ/nơi sản xuất; nontaidat có quick-facts ngay khối mua hàng), heading không dùng thẻ H2/H3, không ghi bảo hành trên trang (3/4 đối thủ có ghi).
B31: 3. nontaidat.vn (Shopify) là benchmark thương mại: title tag tối ưu, giá theo từng size, SKU, tồn kho tạo khan hiếm ('chỉ còn 1 cái'), nhận hàng tại store 24h, cross-sell 'Mua kèm ngay'. Đây là mức trải nghiệm mua hàng BigBike cần đuổi kịp.
B32: 4. chobaoho.vn ghi chính sách dịch vụ con số cụ thể tốt nhất (freeship >600k, đổi trả 48h, BH 24 tháng, giặt nón miễn phí) — nhưng nội dung nghi lấy từ trang hãng EGO (ảnh hotlink domain hãng, mô tả giọng nhà sản xuất) = rủi ro duplicate content. BigBike viết gốc 100% là lợi thế cần khuếch đại.
B33: 5. KHOẢNG TRỐNG CHUNG cả 5 web: không ai có FAQ trên trang, không ai có bảng size dạng HTML (toàn dùng ảnh — máy không đọc được), không ai có khối 'phù hợp với ai' đúng nghĩa. Ai làm template chuẩn trước sẽ chiếm vị trí trích dẫn trên Google AI Overviews / ChatGPT / Gemini trước.

Sheet So sánh 5 web
A1: SO SÁNH CẤU TRÚC TRANG SẢN PHẨM — 5 WEBSITE (khảo sát HTML trực tiếp, 06/2026)
A2: Mỗi site chấm trên 1 URL sản phẩm đại diện (xem sheet Tổng quan). Template là mẫu chung cho mọi loại sản phẩm nên so theo cấu trúc trang, không so cùng sản phẩm.
A4: Tiêu chí | B4: Chuẩn template cần đạt | C4: bigbike.vn | D4: dobaohomoto | E4: bikersaigon | F4: chobaoho | G4: nontaidat | H4: Bằng chứng / Ghi chú
A5: NHÓM 1: NỀN TẢNG SEO ON-PAGE
A6: URL thân thiện | B6: Slug tĩnh chứa brand + model | C6: Đạt | D6: Một phần | E6: Đạt | F6: Đạt | G6: Đạt | H6: Dobaohomoto: slug dính '---tem-11109'. 4 site còn lại slug sạch.
A7: Title tag | B7: ≤60 ký tự, keyword + USP + brand shop | C7: Đạt | D7: Một phần | E7: Một phần | F7: Một phần | G7: Đạt | H7: nontaidat tốt nhất: 'Mũ Fullface LS2 FF800 Storm Slant nhám | Nón LS2 có 2 kính – Nón Tài Đạt'. Dobaohomoto/chobaoho viết HOA toàn bộ; bikersaigon chỉ tên SP không USP.
A8: Meta description | B8: ≤155 ký tự, entity + spec + giá | C8: Một phần | D8: Đạt | E8: Đạt | F8: Một phần | G8: Đạt | H8: bikersaigon có cả 2 chuẩn DOT FMVSS 218 + QCVN2:2021 trong meta. chobaoho mở bằng brand story EGO, bị cắt giữa câu. BigBike có lỗi chính tả 'đep', thiếu giá.
A9: Heading H2/H3 đúng thẻ | B9: 1 H1 duy nhất, hierarchy H2→H3 thật | C9: Chưa | D9: Một phần | E9: Một phần | F9: Một phần | G9: Đạt | H9: BigBike dùng <p><strong> — tệ nhất nhóm. chobaoho có 2 H1 trên cùng trang (lỗi). bikersaigon heading lộn xộn ('IX. Hướng Dẫn Đo Size' thừa số La Mã). nontaidat H1+H2 sạch.
A10: Tốc độ phản hồi / crawlability | B10: Server trả HTML ổn định cho bot | C10: Cần kiểm tra | D10: Đạt | E10: Đạt | F10: Đạt | G10: Đạt | H10: DUY NHẤT bigbike.vn timeout 2 lần khi fetch tự động — 4 đối thủ đều trả HTML nhanh. Rủi ro với Googlebot/AI crawler, cần kiểm tra hosting/firewall/CDN ngay.
A11: NHÓM 2: NỘI DUNG & E-E-A-T
A12: Khối trả lời nhanh (answer-first) | B12: 60 từ đầu: là gì + spec + giá + cho ai | C12: Một phần | D12: Một phần | E12: Một phần | F12: Chưa | G12: Một phần | H12: Không site nào đạt chuẩn. chobaoho tệ nhất: 100+ từ đầu là lịch sử thương hiệu EGO, chưa nói gì về sản phẩm. nontaidat có quick-facts icon ngay khối mua hàng (KPA, 1550g, ECE 22.05) — gần chuẩn nhất.
A13: Bảng thông số kỹ thuật | B13: Bảng <table> HTML đầy đủ spec | C13: Chưa | D13: Một phần | E13: Đạt | F13: Một phần | G13: Một phần | H13: bikersaigon ĐẦY ĐỦ NHẤT: brand, xuất xứ VN / sản xuất TQ (phân biệt minh bạch!), QCVN 2:2021, 1400±50g, ABS+EPS, size, màu, BH 24 tháng — ngay đầu trang (dạng text, nên chuyển <table>). Tab spec của BigBike đang RỖNG — tệ nhất nhóm.
A14: Con số đo thực tế / so sánh | B14: Số liệu shop tự kiểm chứng | C14: Đạt | D14: Chưa | E14: Chưa | F14: Chưa | G14: Chưa | H14: CHỈ BigBike: cân thật 1.536g, so sánh nhẹ hơn LS2 Storm II 29g. 4 đối thủ đều chép số nhà sản xuất. Lợi thế E-E-A-T độc quyền — phải giữ và khuếch đại.
A15: Nhược điểm trung thực | B15: Nêu hạn chế thật của sản phẩm | C15: Đạt | D15: Chưa | E15: Chưa | F15: Chưa | G15: Chưa | H15: CHỈ BigBike: kính râm cấn gọng cận, không kèm Pinlock, thông gió chưa tối ưu, độ ồn. 4 đối thủ toàn khen — AI engine ưu tiên trích nguồn cân bằng như BigBike.
A16: Ảnh thật + alt chuẩn | B16: Ảnh tự chụp, alt mô tả nội dung | C16: Một phần | D16: Chưa | E16: Một phần | F16: Chưa | G16: Một phần | H16: BigBike & bikersaigon: ảnh tự chụp nhưng alt kém (BigBike đánh số 'Tem 01-08'; bikersaigon alt rỗng). chobaoho HOTLINK ảnh từ domain của hãng EGO — vừa duplicate vừa rủi ro ảnh chết. nontaidat alt = tên SP lặp mọi ảnh.
A17: Video review | B17: Video nhúng + text mô tả kèm | C17: Một phần | D17: Chưa | E17: Một phần | F17: Chưa | G17: Chưa | H17: BigBike (tab riêng) và bikersaigon (trong mô tả) có YouTube embed nhưng đều thiếu text mô tả → máy không hiểu nội dung video. 3 site còn lại không có video.
A18: Bảng size + hướng dẫn chọn | B18: Bảng vòng đầu (cm) dạng HTML + cách đo | C18: Chưa | D18: Một phần | E18: Một phần | F18: Một phần | G18: Một phần | H18: KHÔNG site nào có bảng HTML — bikersaigon/chobaoho dùng ẢNH bảng size (máy không đọc), nontaidat có popup 'Bảng Size', dobaohomoto chỉ liệt kê M-XXL. Khoảng trống chung dễ chiếm.
A19: Khối 'phù hợp với ai' | B19: 3–4 tình huống nếu–thì + link thay thế | C19: Một phần | D19: Chưa | E19: Chưa | F19: Chưa | G19: Một phần | H19: BigBike có 1 câu so LS2 Storm II (tối nghĩa); nontaidat có 1 câu 'lý tưởng cho anh em touring'. Không ai có khối đúng nghĩa.
A20: FAQ trên trang | B20: 5–7 Q&A trả lời thẳng | C20: Chưa | D20: Chưa | E20: Chưa | F20: Chưa | G20: Chưa | H20: CẢ 5 WEB ĐỀU KHÔNG CÓ. Khoảng trống AEO lớn nhất toàn ngành — ai làm trước chiếm featured snippet + AI answer trước.
A21: NHÓM 3: THÔNG TIN MUA HÀNG
A22: Giá + tình trạng kho | B22: Giá rõ + tồn kho theo biến thể | C22: Đạt | D22: Đạt | E22: Đạt | F22: Một phần | G22: Đạt | H22: nontaidat MẠNH NHẤT: giá theo từng size (M 2,9tr / L-XXL 3,19tr), SKU, 'chỉ còn 1 cái', nhận tại store 24h. chobaoho mâu thuẫn: ghi 'Còn hàng' nhưng mọi màu/size gắn badge sold-out.
A23: Bảo hành ghi trên trang | B23: Số tháng + phạm vi cụ thể | C23: Chưa | D23: Đạt | E23: Đạt | F23: Đạt | G23: Chưa | H23: 3/5 site ghi rõ (dobaohomoto 12 tháng; bikersaigon & chobaoho 24 tháng). BigBike KHÔNG ghi — thua trực diện về trust ngay tại trang bán.
A24: Chính sách đổi trả / dịch vụ | B24: Số ngày + điều kiện cụ thể | C24: Chưa | D24: Chưa | E24: Chưa | F24: Một phần | G24: Chưa | H24: chobaoho duy nhất có khối dịch vụ con số: freeship >600k, đổi trả 48h, giặt nón miễn phí — nhưng mâu thuẫn nội bộ (mô tả ghi 48h, sidebar ghi '7 ngày 1 đổi 1').
A25: Internal link ngữ cảnh | B25: 2–4 link SP/phụ kiện liên quan tự nhiên | C25: Đạt | D25: Một phần | E25: Một phần | F25: Chưa | G25: Đạt | H25: BigBike: link so sánh LS2 + Pinlock Fog City trong văn cảnh — tự nhiên nhất. nontaidat: cross-sell 'Mua kèm ngay' + mã giảm Cardo. chobaoho: 0 internal link trong mô tả, chỉ link social ngoài.
A26: NHÓM 4: DỮ LIỆU CÓ CẤU TRÚC
A27: Schema Product hợp lệ | B27: 1 block Product duy nhất, giá khớp | C27: Cần kiểm tra | D27: Cần kiểm tra | E27: Cần kiểm tra | F27: Cần kiểm tra | G27: Cần kiểm tra | H27: Cần chạy Rich Results Test cả 5 URL (đề xuất là việc đầu tiên của hợp đồng). Tín hiệu sơ bộ: chobaoho & nontaidat có og:type=product (tốt); bikersaigon og:type=article (dấu hiệu cấu hình sai cho trang sản phẩm); BigBike cần kiểm tra trùng schema Woo + plugin SEO.
A28: Schema FAQPage | B28: Khớp FAQ hiển thị trên trang | C28: Chưa | D28: Chưa | E28: Chưa | F28: Chưa | G28: Chưa | H28: Không site nào có FAQ trên trang → chắc chắn không có FAQPage hợp lệ.
A29: Schema VideoObject | B29: Khai cho video đang nhúng | C29: Chưa | D29: Chưa | E29: Cần kiểm tra | F29: Chưa | G29: Chưa | H29: BigBike & bikersaigon có sẵn video — chỉ cần thêm schema là có rich result video, 3 site kia không có video để khai.
A31: Số tiêu chí ĐẠT | C31: =COUNTIF(C5:C29,"Đạt") -> 6 | D31: =COUNTIF(D5:D29,"Đạt") -> 4 | E31: =COUNTIF(E5:E29,"Đạt") -> 6 | F31: =COUNTIF(F5:F29,"Đạt") -> 3 | G31: =COUNTIF(G5:G29,"Đạt") -> 7
A32: Số tiêu chí MỘT PHẦN | C32: =COUNTIF(C5:C29,"Một phần") -> 5 | D32: =COUNTIF(D5:D29,"Một phần") -> 7 | E32: =COUNTIF(E5:E29,"Một phần") -> 7 | F32: =COUNTIF(F5:F29,"Một phần") -> 7 | G32: =COUNTIF(G5:G29,"Một phần") -> 5
A33: Số tiêu chí CHƯA | C33: =COUNTIF(C5:C29,"Chưa") -> 8 | D33: =COUNTIF(D5:D29,"Chưa") -> 9 | E33: =COUNTIF(E5:E29,"Chưa") -> 6 | F33: =COUNTIF(F5:F29,"Chưa") -> 10 | G33: =COUNTIF(G5:G29,"Chưa") -> 8
A34: Số tiêu chí CẦN KIỂM TRA | C34: =COUNTIF(C5:C29,"Cần kiểm tra") -> 2 | D34: =COUNTIF(D5:D29,"Cần kiểm tra") -> 1 | E34: =COUNTIF(E5:E29,"Cần kiểm tra") -> 2 | F34: =COUNTIF(F5:F29,"Cần kiểm tra") -> 1 | G34: =COUNTIF(G5:G29,"Cần kiểm tra") -> 1

Sheet Reference
B4: URL MẪU ĐÃ KHẢO SÁT
B5: bigbike.vn | C5: Caberg Avalon X (fullface) | D5: https://bigbike.vn/sp/mu-bao-hiem-caberg-avalon-x-italy.html
B6: dobaohomoto.vn | C6: Caberg Avalon X (fullface) | D6: https://dobaohomoto.vn/san-pham/chi-tiet/mu-bao-hiem-fullface-caberg-avalon-x---tem-11109
B7: bikersaigon.net | C7: EGO E42 kính Revo (3/4) | D7: https://bikersaigon.net/san-pham/non-bao-hiem-ego-e42-trang-kinh-revo-cam/
B8: chobaoho.vn | C8: EGO E-72 (fullface) | D8: https://chobaoho.vn/non-bao-hiem-fullface-ego-e-72
B9: nontaidat.vn | C9: LS2 FF800 Storm Slant (fullface) | D9: https://nontaidat.vn/products/fullface-ls2-storm-ff800-slant

Sheet Checklist
A1: CHECKLIST TRIỂN KHAI TEMPLATE MÔ TẢ SẢN PHẨM — BIGBIKE.VN - https://bigbike.vn/sp/mu-bao-hiem-caberg-avalon-x-italy.html
A3: STT | B3: Nhóm | C3: Hạng mục | D3: Tiêu chí đạt | E3: Ưu tiên | F3: Trạng thái | G3: Ví dụ | H3: Nội dung (Brand team điền) | I3: File hình ảnh/vdo (Brand team cung cấp) | J3: Ghi chú
A4: 1 | B4: Kỹ thuật nền | C4: Sửa heading sang thẻ H2/H3 thật | D4: Toàn bộ tiêu đề mục dùng <h2>/<h3>, không dùng <p><strong>; chỉ 1 H1/trang | E4: Cao | F4: Chưa làm | G4: Sai: <p><strong>Tính Năng Nổi Bật</strong></p> Đúng: <h2>Tính năng nổi bật của Caberg Avalon X</h2> và tiêu đề con <h3>Hệ thống 2 kính</h3>. Mỗi trang chỉ 1 thẻ H1 = tên sản phẩm. | J4: Hiện phần mô tả sản phẩm chưa đạt tiểu chuẩn HTML Có sản phẩm chứa 2 thẻ H1 https://bigbike.vn/sp/mu-bao-hiem-fullface-ilm-racing-mf510.html Các tiêu đề con chưa có h2 h3 theo đúng cấu trúc html
A5: 2 | B5: Meta | C5: Title tag theo công thức | D5: ≤60 ký tự: [Tên SP] – [USP] | BigBike | E5: Cao | F5: Chưa làm | G5: Mũ Fullface Caberg Avalon X – 2 Kính, ECE 22.06 | BigBike (59 ký tự) | J5: Thiếu Brand trong title Mỗi sản phẩm một kiểu chưa có tiêu chuẩn chung
A6: 3 | B6: Meta | C6: Meta description theo công thức | D6: ≤155 ký tự: entity + 2 spec đắt + giá; soát lỗi chính tả | E6: Cao | F6: Chưa làm | G6: Caberg Avalon X fullface 2 kính, 1.536g, chuẩn ECE 22.06, thương hiệu Ý. Giá 3.390.000đ, đánh giá thật ưu nhược điểm tại BigBike. (137 ký tự) | J6: Meta description hiện tại đang mỗi sản phẩm một kiểu, chưa có tiêu chuẩn chung
A7: 5 | B7: Tab Mô tả | C7: Khối trả lời nhanh 40–60 từ | D7: Trả lời trọn: là gì + 2–3 spec kèm số + chuẩn an toàn + đối tượng + giá; đặt TRƯỚC mọi heading | E7: Cao | F7: Chưa làm | G7: Mũ bảo hiểm Caberg Avalon X là mũ fullface 2 kính của thương hiệu Caberg (Ý), vỏ ABS, nặng 1.536g, sẵn hốc loa Bluetooth. Đạt chuẩn an toàn châu Âu ECE 22.06. Phù hợp đi phố hàng ngày và touring. Giá tại BigBike: 3.390.000đ. | J7: Đoạn này = description trong schema. Tốt nhất là trả lời ngắn gọn nhu cầu tìm hiểu sản phẩm của người dùng Thông số kĩ thuật, kích thước, giả cả, nguồn gốc, bảo hành ....
A8: 6 | B8: Tab Mô tả | C8: Tính năng nâng lên H3 | D8: Mỗi mục: tính năng → lợi ích → con số/bằng chứng → hạn chế (in nghiêng); GIỮ NGUYÊN nhận xét thật hiện có | E8: Cao | F8: Chưa làm | G8: <h3>Trọng lượng 1.536g – nhẹ hơn LS2 Storm II 29g</h3> Đoạn văn: đội lâu đỡ mỏi cổ (lợi ích) → cân thực tế tại shop (bằng chứng) → *vỏ ABS vẫn nặng hơn composite cùng tầm* (hạn chế, in nghiêng). | J8: Không 'đánh bóng' lại nội dung gốc Cần viết chân thật, mạch lạc, rõ ràng cho người dùng đọc hiểu
A9: 7 | B9: Tab Mô tả | C9: Khối Ưu điểm & Nhược điểm riêng | D9: 3–5 gạch mỗi bên, tách khỏi phần tính năng | E9: Cao | F9: Chưa làm | G9: Ưu: chuẩn ECE 22.06 trong tầm 3,x triệu; 2 kính, kính ngoài tháo nhanh; nhẹ hơn LS2 Storm II 29g; sẵn hốc loa Bluetooth. Nhược: kính râm cấn gọng kính cận; không kèm Pinlock; thông gió mức khá. | J9: USP— 4 đối thủ đều không có Lợi thế để tăng xếp hạng khi search từ khóa là tên sản phẩm
A10: 8 | B10: Tab Mô tả | C10: Khối 'Phù hợp với ai' | D10: 3–4 câu nếu–thì + internal link sản phẩm thay thế/phụ kiện | E10: TB | F10: Chưa làm | G10: Nếu bạn cần mũ chuẩn Âu dưới 3,5 triệu, đội phố lẫn touring → Avalon X hợp lý. Nếu bạn đeo kính cận thường xuyên → cân nhắc [mẫu thay thế, gắn link]. Nếu ưu tiên giá mềm hơn → xem LS2 Storm II [link]. | J10: Target đúng tệp đối tượng khách hàng tiềm năng
A11: 9 | B11: Tab Mô tả | C11: Bảng size dạng HTML + hướng dẫn | D11: Bảng <table> vòng đầu (cm) theo size của hãng + 3 câu hướng dẫn đo | E11: Cao | F11: Chưa làm | G11: Bảng 3 cột: Size | Vòng đầu (cm) | Cỡ vỏ — ví dụ: M | 57–58 | Nhỏ. Kèm 3 câu: đo vòng đầu bằng thước dây trên lông mày ~2cm; nằm giữa 2 size thì hỏi shop tư vấn; mũ mới hơi ôm má là bình thường, mút sẽ xẹp 5–10%. | J11: Cả 5 web đều dùng ảnh/không có — làm HTML table là độc quyền ngay Nên có bảng thông số để dễ hiển thị AIO hơn
A12: 10 | B12: Tab Mô tả | C12: FAQ 5–7 câu | D12: Answer trả lời thẳng câu đầu, 2–4 câu/answer | E12: Cao | F12: Chưa làm | G12: Hỏi: "Caberg Avalon X nặng bao nhiêu?" Đáp: "1.536g theo cân thực tế tại BigBike, nhẹ hơn LS2 Storm II 29g — đội cả ngày vẫn thoải mái với người quen mũ fullface." | J12: Cả 5 web đều chưa có — khoảng trống AEO lớn nhất Tốt nhất là mỗi sản phẩm đều có phần FAQs này và ko trùng lặp nhau
A13: 11 | B13: Tab Mô tả | C13: Trust block cuối trang | D13: Giá, kho, bảo hành (số tháng), giao hàng, đổi size (số ngày), hotline, địa chỉ | E13: Cao | F13: Chưa làm | G13: Giá: 3.390.000đ | Còn hàng size M–XXL | Bảo hành: [điền số] tháng | Giao toàn quốc, COD, đồng kiểm | Đổi size trong [điền số] ngày | Hotline/Zalo: 09xx.xxx.xxx | Địa chỉ shop | J13: 3/4 đối thủ đã ghi BH trên trang (12–24 tháng) — BigBike đang thua điểm này
A14: 12 | B14: Tab Mô tả | C14: Chuẩn hóa alt ảnh | D14: Alt mô tả nội dung ảnh, không đánh số; thêm ảnh tem chứng nhận | E14: TB | F14: Chưa làm | G14: Sai: alt="Mũ bảo hiểm Caberg Avalon X - Tem 01" Đúng: alt="Mũ Caberg Avalon X đen nhám nhìn nghiêng, cận cảnh cửa gió đỉnh đầu" | J14: Không hotlink ảnh hãng như chobaoho Thẻ alt rất trọng trong SEO khi người dùng tìm kiếm sản phẩm sẽ hiển thị hình ảnh của bigbike trước các đối thủ
A15: 13 | B15: Tab Mô tả | C15: Ảnh 3 tỉ lệ 1:1, 4:3, 16:9 | D15: Tối thiểu 3 ảnh đúng tỉ lệ cho rich result, khai trong schema image[] | E15: TB | F15: Chưa làm | G15: Mỗi sản phẩm 3 file: avalonx-1x1.jpg (1200×1200) · avalonx-4x3.jpg (1200×900) · avalonx-16x9.jpg (1200×675) — crop từ ảnh gốc chụp tại shop. | J15: Chuẩn hóa tỉ lệ hình ảnh sản phẩm tăng độ chuyên nghiệp của thương hiệu
... A18: 16 | B18: Tab Thông số | C18: Ghi đúng xuất xứ | D18: Phân biệt 'thương hiệu [nước]' vs 'sản xuất tại [nước]' | E18: TB | F18: Chưa làm | G18: Thương hiệu: Caberg (Ý) – Sản xuất tại: [điền nước sản xuất theo tem trên mũ]. Tham khảo cách bikersaigon ghi minh bạch: "Xuất Xứ: Việt Nam / Sản Xuất Tại: Trung Quốc". | J18: bikersaigon đã làm minh bạch (Xuất xứ VN / Sản xuất TQ) — chuẩn cần theo
A19: 17 | B19: Schema | C19: Block Product + Offer | D19: name, image[3], description, sku, brand, weight, additionalProperty, offers đầy đủ | E19: Cao | F19: Chưa làm | G19: JSON-LD rút gọn: {"@type":"Product","name":"Mũ Fullface Caberg Avalon X","brand":"Caberg","weight":"1536g","offers":{"price":"3390000","priceCurrency":"VND","availability":"InStock"}}
A20: 18 | B20: Schema | C20: positiveNotes / negativeNotes | D20: Lấy đúng từ khối Ưu/Nhược trên trang, author = BigBike | E20: TB | F20: Chưa làm | G20: positiveNotes: ["Chuẩn ECE 22.06 tầm giá 3,x triệu", "Nhẹ hơn LS2 Storm II 29g"] negativeNotes: ["Kính râm cấn gọng kính cận", "Không kèm Pinlock"]
A21: 19 | B21: Schema | C21: Block FAQPage | D21: Chỉ chứa đúng Q&A hiển thị ở mục FAQ | E21: Cao | F21: Chưa làm | G21: {"@type":"Question","name":"Caberg Avalon X nặng bao nhiêu?","acceptedAnswer":{"text":"1.536g theo cân thực tế tại BigBike, nhẹ hơn LS2 Storm II 29g."}}
A22: 20 | B22: Schema | C22: Block VideoObject + BreadcrumbList | D22: VideoObject cho video đang nhúng; Breadcrumb 3 cấp | E22: TB | F22: Chưa làm | G22: VideoObject: tên "Review Caberg Avalon X tại BigBike", ngày đăng, link YouTube nhúng. Breadcrumb: Trang chủ > Mũ bảo hiểm > Fullface > Caberg Avalon X.
A23: 21 | B23: Schema | C23: Chống trùng schema WooCommerce | D23: Chỉ 1 block Product/trang — chọn 1 nguồn schema duy nhất (Woo hoặc plugin SEO) | E23: Cao | F23: Chưa làm | G23: Lỗi điển hình: WooCommerce tự sinh 1 block Product + plugin SEO (RankMath/Yoast) sinh thêm 1 block nữa → Google thấy 2 thông tin giá trên cùng 1 trang. | J23: Lỗi phổ biến nhất với Woo + RankMath/Yoast Thường plugin bản free không hỗ trợ custom schema Có thể mua bản pro hoặc custome bằng code trong function.php
A24: 22 | B24: Schema | C24: Validate Rich Results Test | D24: 0 lỗi nghiêm trọng; giá schema khớp giá hiển thị | E24: Cao | F24: Chưa làm | G24: Vào search.google.com/test/rich-results → dán URL trang sản phẩm → kết quả phải hiện "Product snippets: Hợp lệ", 0 lỗi nghiêm trọng. | J24: Đề xuất: chạy test cả 5 URL làm bằng chứng mở đầu hợp đồng
A25: 23 | B25: Schema | C25: KHÔNG khai aggregateRating ảo | D25: Chỉ khai khi có review khách thật hiển thị trên trang | E25: Cao | F25: Chưa làm | G25: Sai: khai "aggregateRating: 5.0 (1 đánh giá)" khi trang chưa hiển thị review nào. Đúng: bỏ hẳn trường này cho đến khi có review khách thật trên trang. | J25: Vi phạm guideline nếu khai khống
A26: 24 | B26: Nội dung | C26: Soát quy tắc trung thực | D26: Mọi con số là dữ kiện thật; thiếu → để [ĐIỀN], không bịa; không copy mô tả nhà phân phối/hãng | E26: Cao | F26: Chưa làm | G26: Thiếu cân nặng thực tế? → ghi "[CHỜ CÂN TẠI SHOP]" thay vì chép đại số trên mạng. Không copy nguyên văn bài mô tả từ trang hãng hoặc nhà phân phối khác. | J26: Tránh vết xe chobaoho (nội dung + ảnh lấy từ trang hãng)
A27: 25 | B27: Nội dung | C27: Entity nhất quán | D27: Tên sản phẩm viết thống nhất toàn trang | E27: TB | F27: Chưa làm | G27: Chốt 1 cách viết "Caberg Avalon X" và dùng xuyên suốt — không lúc "Avalon-X", lúc "AvalonX", lúc "avalon x". | J27: Thiết lập tiêu chuẩn chuyên nghiệp cho website bigbike
A28: 26 | B28: Nội dung | C28: Internal link 2–4 / trang | D28: Anchor đa dạng theo ngữ cảnh; không exact-match lặp | E28: TB | F28: Chưa làm | G28: ...nhẹ hơn 29g so với LS2 Storm II (gắn link) · "nên mua kèm Pinlock Fog City (gắn link) nếu hay chạy sương sớm" — link nằm tự nhiên trong câu văn. | J28: Trang Avalon X đang làm tốt — giữ làm chuẩn; tham khảo cross-sell của nontaidat
A29: 27 | B29: Nội dung | C29: Độ dài 800–1.500 từ | D29: Đủ sâu, không độn chữ | E29: TB | F29: Chưa làm | G29: Trang Avalon X hiện ~600 từ → sau khi thêm FAQ + bảng size + khối "phù hợp với ai" sẽ tự đạt ~1.000–1.200 từ, không cần viết độn.
A30: 28 | B30: Mở rộng | C30: Thu thập review khách thật | D30: Xin phép trích review từ đơn hàng/fanpage/Google Maps → thêm khối review + aggregateRating | E30: TB | F30: Chưa làm | G30: Anh T.M (đơn tháng 5/2026): 'Đội size L vừa khít, kính râm gạt mượt một tay. Trừ điểm vì không kèm Pinlock, phải mua thêm.' ★★★★☆ | J30: Làm sau khi cấu trúc xong
A31: 29 | B31: Mở rộng | C31: Nhân bản template ra SP khác | D31: Áp checklist cho từng trang sản phẩm, ưu tiên SP doanh thu cao | E31: TB | F31: Chưa làm | G31: Thứ tự nhân bản gợi ý: 10 sản phẩm doanh thu cao nhất → 10 sản phẩm nhiều lượt truy cập nhất (xem Google Search Console) → phần còn lại theo từng danh mục.
